Metric,Greedy Heuristic,Optimized
Total Visits,50.0,50.0
Total Cost (£),612.0166666666667,563.0553333333335
Avg Cost per Visit (£),12.240333333333332,11.26110666666667
Total Hours,32.43333333333333,32.43333333333333
Cost Savings (£),0.0,48.96133333333319
Improvement (%),0.0,7.999999999999977
